vehicle,year,fuel_type,engine_volume,vehicle_type,kpp_type,mileage,need_repair,prediction,true_value
Mitsubishi Galant,1997,бензин,1.8,седан,автомат,-999.0,0,1267606.0,1750000
ГАЗ ГАЗель,2019,газ-бензин,2.7,пикап,механика,-999.0,0,6182265.5,8500000
ВАЗ (Lada) Vesta,2018,бензин,1.8,универсал,автомат,136480.0,0,6298440.0,4950000
Honda Accord,2007,бензин,2.4,седан,автомат,222000.0,0,4734548.0,5100000
Honda CR-V,2008,бензин,2.4,кроссовер,автомат,220.0,0,6792383.5,5800000
Mazda Tribute,2001,бензин,3.0,кроссовер,автомат,200000.0,0,4007765.0,3500000
Nissan Sunny,1991,бензин,2.0,седан,автомат,-999.0,0,833621.7,980000
Chevrolet Niva,2005,бензин,1.7,внедорожник,механика,-999.0,0,1713699.2,1300000
Toyota Land Cruiser,2018,бензин,2.7,внедорожник,автомат,24000.0,0,21601220.0,22500000
ВАЗ (Lada) 2107,2008,бензин,1.6,седан,механика,-999.0,0,1291830.0,900000
Daewoo Nexia,2013,бензин,1.5,седан,механика,202152.0,0,1567756.8,1350000
Toyota Land Cruiser,1996,дизель,3.0,внедорожник,автомат,-999.0,0,4996790.5,6000000
Toyota 4Runner,1993,бензин,3.0,внедорожник,автомат,250000.0,0,2969110.2,3500000
Nissan Primera,1997,бензин,2.0,седан,автомат,-999.0,0,1865161.2,2300000
Toyota Land Cruiser,2006,бензин,2.7,внедорожник,автомат,185000.0,0,9569365.0,10550000
Lexus RX 300,2003,бензин,3.0,кроссовер,автомат,-999.0,0,5504048.5,4850000
Mazda 626,1993,дизель,2.0,универсал,механика,396000.0,0,1212881.8,950000
ВАЗ (Lada) Granta,2013,бензин,1.6,седан,механика,150000.0,0,2075177.4,1800000
Mercedes-Benz E 200,2018,бензин,2.0,седан,автомат,33000.0,0,18609928.0,20000000
Nissan R'nessa,1997,бензин,2.0,универсал,автомат,-999.0,0,2380971.8,2650000
Hyundai Accent,2012,бензин,1.6,хэтчбек,автомат,100000.0,0,4079654.5,4700000
ВАЗ (Lada) 2106,1990,бензин,1.6,седан,механика,300000.0,0,662917.2,450000
Mercedes-Benz C 180,1996,бензин,1.8,универсал,механика,-999.0,0,2170289.2,1550000
Kia Rio,2014,бензин,1.4,седан,механика,-999.0,0,4179902.2,3550000
Daewoo Nexia,2003,бензин,1.5,седан,механика,-999.0,0,729370.4,1200000
Toyota Alphard,2003,бензин,3.0,минивэн,автомат,-999.0,0,4110006.8,4000000
Land Rover Range,2013,бензин,5.0,внедорожник,автомат,160.0,0,22238000.0,25000000
Nissan Patrol,2005,бензин,4.8,внедорожник,автомат,-999.0,0,8733695.0,9500000
Volkswagen Caddy,2005,дизель,1.9,минивэн,механика,-999.0,0,3333399.5,2500000
BMW 520,1991,бензин,2.0,седан,механика,-999.0,0,1176413.6,1200000
Kia Rio,2014,бензин,1.6,седан,автомат,-999.0,0,4902537.0,5200000
Kia Rio,2015,бензин,1.6,седан,механика,180000.0,0,4127544.0,4590000
ВАЗ (Lada) Largus,2019,бензин,1.6,универсал,механика,73081.0,0,5377852.5,5590000
ВАЗ (Lada) 2114,2013,бензин,1.6,хэтчбек,механика,-999.0,0,1671261.4,2300000
ВАЗ (Lada) 21099,2001,бензин,1.5,седан,механика,345126.0,0,935214.3,435000
Toyota Land Cruiser,2019,бензин,4.0,внедорожник,автомат,6.0,0,29485806.0,38990000
Lexus GS 250,2012,бензин,2.5,седан,автомат,127000.0,0,9981023.0,11000000
Nissan Primera,1992,бензин,2.0,универсал,механика,325000.0,0,755507.2,850000
Toyota Scepter,1995,бензин,2.2,универсал,автомат,-999.0,0,1982129.2,2000000
Chevrolet Cruze,2012,бензин,1.8,седан,автомат,-999.0,1,903744.4,2422800
Land Rover Range,2012,бензин,5.0,внедорожник,автомат,-999.0,0,11275058.0,11900000
Mitsubishi Galant,1994,бензин,2.0,хэтчбек,механика,308708.0,0,1250030.8,1170000
Honda CR-V,2013,бензин,2.4,кроссовер,автомат,120000.0,0,9013942.0,9500000
Mazda Proceed Marvie,1996,дизель,2.5,внедорожник,автомат,-999.0,0,1767738.2,2200000
BMW X5,2007,бензин,4.8,кроссовер,автомат,-999.0,0,6908701.5,6600000
Toyota Camry,2007,бензин,2.4,седан,автомат,-999.0,0,5411001.0,5250000
Mercedes-Benz E 230,1991,бензин,2.3,универсал,автомат,-999.0,0,1585239.8,1000000
ГАЗ ГАЗель,2019,бензин,2.7,фургон,механика,-999.0,0,8114738.0,10000000
Toyota Camry,1995,бензин,2.2,седан,механика,-999.0,0,2076177.5,1650000
Lexus GS 300,2005,бензин,3.0,седан,автомат,162000.0,0,5112808.5,6500000
Mazda 626,1999,бензин,2.0,универсал,автомат,-999.0,0,2156525.0,2450000
Opel Vectra,1994,бензин,1.6,седан,механика,200000.0,0,788976.6,500000
Mitsubishi Delica,1998,бензин,3.0,минивэн,автомат,-999.0,0,4107438.2,5500000
Mercedes-Benz S 350,2008,бензин,3.5,седан,автомат,162000.0,0,7347754.0,6700000
Mitsubishi Pajero,1994,дизель,2.8,внедорожник,автомат,-999.0,0,2869458.5,2700000
Hyundai Tucson,2011,бензин,2.0,кроссовер,автомат,-999.0,0,5397993.5,7100000
Mercedes-Benz E 240,2002,бензин,2.6,седан,автомат,332000.0,0,3460745.5,4200000
Honda CR-V,2007,бензин,2.4,кроссовер,автомат,-999.0,0,6040578.5,6200000
Audi A6,2017,бензин,2.0,седан,робот,62000.0,0,14971423.0,14300000
BMW 520,1990,бензин,2.0,седан,механика,-999.0,0,1142213.2,1500000
Renault Logan,2011,бензин,1.4,седан,механика,-999.0,0,2343101.2,900000
BMW X3,2012,бензин,2.0,кроссовер,автомат,81000.0,0,9511347.0,11700000
Mazda Cronos,1993,бензин,2.0,седан,механика,321852.0,0,1217232.5,1000000
Mitsubishi Pajero,2008,бензин,3.0,внедорожник,автомат,151000.0,0,7983086.0,10000000
Kia Optima,2016,бензин,2.4,седан,автомат,68500.0,0,9153167.0,6500000
ВАЗ (Lada) 2115,2003,бензин,1.5,седан,механика,520151.0,0,714872.8,520000
Toyota Camry,1997,бензин,3.0,седан,автомат,-999.0,0,3041642.2,2450000
ВАЗ (Lada) 2111,2001,бензин,1.5,универсал,механика,-999.0,0,1347425.1,500000
Opel Astra,1996,бензин,1.4,седан,механика,270000.0,0,1505666.2,800000
Honda CR-V,2004,бензин,2.0,кроссовер,автомат,-999.0,0,4596942.0,5000000
Toyota Camry,2014,бензин,2.0,седан,автомат,190.0,0,6491975.5,8000000
Land Rover Range,2019,бензин,3.0,внедорожник,типтроник,18000.0,0,36500450.0,45000000
Volkswagen Jetta,1990,бензин,1.6,седан,механика,-999.0,0,765145.94,880000
Mazda 6,2006,бензин,3.0,лифтбек,автомат,-999.0,0,4622612.5,2800000
BMW 750,1996,бензин,5.4,седан,автомат,-999.0,0,3250461.5,3400000
Honda Jazz,2003,бензин,1.4,хэтчбек,вариатор,-999.0,0,2395345.8,2750000
Toyota Windom,1995,бензин,2.5,седан,автомат,-999.0,0,2022512.1,2500000
Lexus RX 300,1999,бензин,3.0,кроссовер,автомат,201.0,0,4292026.0,4800000
Subaru Forester,2003,бензин,2.5,кроссовер,автомат,-999.0,0,3762242.8,3900000
BMW 740,1995,бензин,4.0,седан,автомат,-999.0,0,3675807.5,3300000
Toyota RAV 4,2015,бензин,2.0,кроссовер,автомат,34800.0,0,11557318.0,11000000
Lexus LX 570,2017,бензин,5.7,внедорожник,автомат,42000.0,0,41013292.0,45000000
Toyota Hilux Surf,1996,дизель,3.0,внедорожник,автомат,-999.0,0,3306686.8,2500000
Mercedes-Benz E 230,1992,бензин,2.3,седан,автомат,480000.0,0,1761164.2,2400000
Volkswagen Passat,2004,бензин,2.3,седан,механика,297000.0,0,2758262.5,3000000
Mercedes-Benz S 280,1994,бензин,2.8,седан,механика,235000.0,0,1670994.9,2500000
Toyota Camry,2018,бензин,2.5,седан,автомат,101120.0,0,12298451.0,14390000
Renault Duster,2019,бензин,2.0,кроссовер,автомат,81000.0,0,6356307.5,7777777
Mitsubishi Lancer,1993,бензин,1.6,хэтчбек,механика,-999.0,0,1066542.4,500000
ВАЗ (Lada) 2108,1989,бензин,1.3,хэтчбек,механика,77600.0,0,1118962.0,720000
Toyota Sprinter Marino,1996,бензин,1.6,седан,автомат,-999.0,0,1416145.9,1200000
Toyota Yaris,2007,бензин,1.5,седан,автомат,175381.0,0,3729271.8,4500000
Hyundai Starex,2003,дизель,2.5,минивэн,автомат,-999.0,0,3672997.0,2800000
Daewoo Nexia,2007,газ-бензин,1.5,седан,механика,275000.0,0,1121575.6,750000
Ретро-автомобили СССР,1973,бензин,4.0,кабриолет,автомат,-999.0,0,18874706.0,24000000
Mazda 626,1991,бензин,2.0,лифтбек,механика,500000.0,0,1070892.8,1000000
BMW 730,1996,бензин,3.0,седан,автомат,350000.0,0,2310142.8,1000000
ГАЗ ГАЗель,1999,газ-бензин,2.9,пикап,механика,-999.0,0,2853703.2,3000000
Mercedes-Benz CL 500,2007,бензин,4.7,купе,вариатор,197000.0,0,6903989.0,4500000
Hyundai Accent,2013,бензин,1.6,седан,механика,246102.0,0,3122425.0,4800000
Toyota Land Cruiser,2012,газ-бензин,4.6,внедорожник,автомат,139659.0,0,19540160.0,19900000
Mazda 626,1991,бензин,2.0,седан,механика,-999.0,0,935691.0,800000
Audi A8,2001,бензин,4.2,седан,автомат,360000.0,0,2712001.8,2500000
Mazda 626,1990,бензин,2.0,лифтбек,механика,-999.0,0,821228.56,700000
Subaru Outback,2007,бензин,2.5,универсал,автомат,-999.0,0,4684934.0,4600000
Ravon Nexia R3,2017,бензин,1.5,седан,механика,94000.0,0,4112103.0,3900000
Lexus GS 300,1999,бензин,3.0,седан,автомат,-999.0,0,3308978.8,4700000
Toyota Camry,1992,газ-бензин,2.2,универсал,механика,-999.0,0,1807112.2,2300000
Mercedes-Benz S 500,2011,бензин,4.7,седан,автомат,89000.0,0,12378866.0,12000000
Lexus RX 300,1999,бензин,3.0,кроссовер,автомат,-999.0,0,4491621.0,4300000
Ford Bronco,1991,бензин,3.2,внедорожник,автомат,100000.0,0,4917627.5,6000000
Toyota Sequoia,2011,бензин,5.7,внедорожник,автомат,113085.0,0,20073542.0,20000000
Subaru Legacy,2002,бензин,2.0,универсал,автомат,-999.0,0,2604632.5,2650000
Mitsubishi Space Runner,1995,бензин,1.8,минивэн,механика,300.0,0,1703668.5,1850000
Audi 100,1987,бензин,1.8,седан,механика,229579.0,0,1226152.6,890000
BMW 520,2019,дизель,2.0,седан,автомат,39000.0,0,12760750.0,20000000
Toyota Land Cruiser,2013,газ-бензин,2.7,внедорожник,автомат,116000.0,0,15084374.0,13500000
Daewoo Nexia,2012,бензин,1.5,седан,механика,-999.0,0,1497130.8,1450000
Suzuki Escudo,1996,дизель,2.0,внедорожник,автомат,-999.0,0,1676189.9,2000000
Skoda Octavia,2005,бензин,1.8,лифтбек,автомат,283363.0,0,3639111.2,2590000
Infiniti QX70,2017,бензин,3.7,кроссовер,типтроник,10000.0,0,25686010.0,18500000
Volkswagen Passat,1989,бензин,1.8,универсал,механика,-999.0,0,1044967.8,1450000
Mazda 626,1990,бензин,2.0,лифтбек,механика,9999.0,0,751500.44,1000000
Toyota Hilux,2013,бензин,2.7,пикап,автомат,60000.0,0,11354096.0,10500000
Ford Aerostar,1987,бензин,3.0,минивэн,автомат,280000.0,0,2916329.5,750000
Mercedes-Benz ML 320,1998,бензин,3.2,кроссовер,автомат,-999.0,0,3576763.0,2800000
Mercedes-Benz S 500,1998,бензин,5.0,седан,автомат,-999.0,0,2886171.5,3200000
УАЗ Hunter,2018,бензин,2.7,внедорожник,механика,280000.0,0,3938000.5,4400000
Toyota Camry,1993,бензин,3.0,универсал,автомат,-999.0,0,1663398.8,1800000
Daewoo Nexia,2008,бензин,1.6,седан,механика,-999.0,0,974682.8,840000
Skoda Octavia,2019,бензин,1.8,лифтбек,робот,30000.0,0,9331330.0,9100000
Kia K7,2019,бензин,2.4,седан,автомат,30000.0,0,10690789.0,11500000
Mercedes-Benz G 63,2014,бензин,5.5,внедорожник,автомат,82000.0,0,36205636.0,38500000
Kia Cerato,2015,бензин,1.6,седан,автомат,200000.0,0,5594942.0,6000000
Toyota Granvia,2000,бензин,3.4,минивэн,автомат,-999.0,0,4597109.5,3500000
Nissan Almera Classic,2007,бензин,1.6,седан,автомат,77777.0,0,3618696.8,2900000
Nissan Murano,2008,бензин,3.5,кроссовер,вариатор,-999.0,0,5917110.0,8200000
ВАЗ (Lada) 2105,2010,бензин,1.6,седан,механика,-999.0,0,1122169.6,550000
Opel Astra,1999,бензин,1.6,седан,автомат,270000.0,0,1801321.9,2500000
Mitsubishi L200,2008,дизель,2.5,пикап,механика,178000.0,0,4689951.5,4500000
Porsche Panamera,2010,бензин,4.8,лифтбек,робот,85000.0,0,16699415.0,18000000
Mercedes-Benz G 300,1991,бензин,3.0,внедорожник,автомат,309000.0,0,2418191.0,11000000
Subaru Forester,2002,бензин,2.0,кроссовер,автомат,-999.0,0,3302335.5,3350000
Mitsubishi L300,1992,дизель,2.5,минивэн,механика,-999.0,0,1245169.5,1000000
ВАЗ (Lada) 2107,2007,бензин,1.7,седан,механика,25490.0,0,338430.88,1350000
Toyota Camry,2017,бензин,2.5,седан,автомат,120337.0,0,11566916.0,11300000
Mitsubishi Galant,1991,бензин,2.0,хэтчбек,механика,11111.0,0,836599.44,1650000
BMW X3,2010,бензин,3.0,кроссовер,автомат,126000.0,0,9875256.0,6500000
Lifan Solano,2015,газ-бензин,1.5,седан,механика,186000.0,0,3014941.2,2500000
Toyota Land Cruiser,2009,бензин,2.7,внедорожник,автомат,290000.0,0,10858926.0,12000000
Mercedes-Benz C 280,1999,бензин,2.8,универсал,механика,-999.0,0,3323828.8,2650000
Subaru Forester,1998,бензин,2.5,кроссовер,автомат,-999.0,0,2692272.5,2600000
Ford Escort,1995,бензин,1.8,хэтчбек,механика,259950.0,0,954503.9,1200000
Hyundai Accent,2014,бензин,1.6,седан,механика,188320.0,0,3681111.8,4200000
Lexus RX 350,2018,бензин,3.5,кроссовер,автомат,39000.0,0,24011076.0,27000000
Lexus RX 300,1999,бензин,3.0,кроссовер,автомат,7777.0,0,5210999.0,3600000
Mercedes-Benz Vito,1998,бензин,2.3,минивэн,автомат,-999.0,0,3096513.8,3000000
Land Rover Range,2013,бензин,3.0,внедорожник,автомат,130000.0,0,21489906.0,22000000
Kia Sorento,2005,дизель,2.5,внедорожник,автомат,210000.0,0,5318297.0,3200000
Mitsubishi Legnum,1997,бензин,2.5,универсал,автомат,-999.0,0,2101026.8,2500000
Toyota Land Cruiser,1992,дизель,2.5,внедорожник,автомат,-999.0,0,3749903.8,3800000
Subaru Forester,2007,бензин,2.5,кроссовер,типтроник,-999.0,0,5615568.0,5300000
Toyota Carina E,1993,бензин,2.0,лифтбек,механика,-999.0,0,1560992.2,1450000
Toyota Avalon,2007,бензин,3.5,седан,автомат,-999.0,0,5476525.5,5450000
Mercedes-Benz E 280,1994,бензин,2.8,седан,автомат,-999.0,0,2420340.0,2700000
Lexus RX 300,2001,бензин,3.0,кроссовер,автомат,-999.0,0,5120883.0,4900000
Mercedes-Benz E 280,1997,бензин,2.8,седан,механика,12345.0,0,2626253.2,2500000
Nissan Maxima,2001,бензин,3.0,седан,автомат,300000.0,0,3458386.8,2350000
Lincoln Navigator,2005,бензин,5.4,внедорожник,автомат,200000.0,0,6191650.0,6200000
BMW 530,1995,бензин,3.0,седан,автомат,330.0,0,2656392.2,4000000
Mercedes-Benz E 200,2018,бензин,2.0,седан,автомат,52000.0,0,18746194.0,15800000
Volkswagen Polo,2014,бензин,1.6,седан,автомат,198000.0,0,4906296.0,4250000
Toyota Camry,2010,бензин,2.5,седан,автомат,300000.0,0,6382322.5,4100000
Mitsubishi Challenger,1997,бензин,3.0,внедорожник,автомат,-999.0,0,3129410.2,4000000
Toyota Land Cruiser,2005,бензин,4.5,внедорожник,механика,176000.0,0,9803289.0,13600000
Land Rover Range,2016,бензин,5.0,внедорожник,автомат,130000.0,0,37183196.0,37000000
Mercedes-Benz E 240,2000,бензин,2.4,седан,автомат,-999.0,0,3003505.8,4000000
Mercedes-Benz C 180,1993,бензин,1.8,седан,механика,-999.0,0,1387783.5,1550000
Volkswagen Passat,2007,бензин,2.0,седан,автомат,415215.0,0,3586093.0,3000000
Mercedes-Benz GLS 400,2017,бензин,3.0,внедорожник,автомат,75000.0,0,27251372.0,29800000
Mercedes-Benz E 500,2002,бензин,5.0,седан,автомат,100000.0,0,5441764.5,5000000
Renault Logan,2015,бензин,1.6,седан,механика,-999.0,0,3147112.2,3700000
Toyota Corolla,2011,бензин,1.8,седан,автомат,196000.0,0,5768276.0,5800000
Москвич 412,1978,бензин,1.5,седан,механика,199000.0,0,712065.6,800000
Opel Omega,1998,бензин,3.0,седан,автомат,300000.0,0,2966887.8,2000000
Mercedes-Benz S 500,1996,бензин,5.0,седан,автомат,-999.0,0,3186230.0,3300000
BMW 520,1991,бензин,2.0,седан,механика,123456.0,0,1179378.2,950000
Honda CR-V,1996,бензин,2.0,кроссовер,автомат,-999.0,0,2841044.2,2500000
BMW X6,2008,бензин,3.0,кроссовер,автомат,-999.0,0,7021448.0,5900000
Toyota Land Cruiser,2008,бензин,4.7,внедорожник,автомат,270000.0,0,13809858.0,14500000
Hyundai Starex,2002,дизель,2.5,минивэн,механика,-999.0,0,3470485.0,2750000
Mazda 626,1992,бензин,2.5,лифтбек,автомат,358000.0,0,1171972.6,1100000
Mercedes-Benz E 55,2005,бензин,5.5,седан,автомат,-999.0,0,7557238.0,10000000
Honda Odyssey,2001,бензин,2.3,минивэн,автомат,-999.0,0,2251562.0,2000000
Porsche Cayenne,2008,бензин,3.6,кроссовер,автомат,132000.0,0,8786297.0,7690000
Mitsubishi Galant,1990,бензин,2.0,хэтчбек,механика,-999.0,0,884671.3,800000
Toyota Corolla,2013,бензин,1.3,седан,механика,102000.0,0,4519713.0,5200000
BMW 535,2008,бензин,3.0,седан,автомат,115000.0,0,5618492.5,7800000
Nissan Qashqai,2017,бензин,2.0,кроссовер,автомат,65914.0,0,10943912.0,8130000
Mercedes-Benz C 200,1996,бензин,2.0,седан,автомат,-999.0,0,2008562.4,1800000
Toyota Corolla,2010,бензин,1.8,седан,автомат,-999.0,0,5226341.5,5700000
Toyota Windom,2001,бензин,2.5,седан,автомат,-999.0,0,2868154.5,2750000
Peugeot 306,1993,бензин,1.4,хэтчбек,механика,-999.0,0,768741.0,980000
Kia Cerato,2013,бензин,1.6,седан,автомат,144000.0,0,5223217.5,5900000
Mercedes-Benz 190,1990,бензин,2.0,седан,автомат,300000.0,0,1270982.5,870000
Toyota RAV 4,2019,бензин,2.5,кроссовер,типтроник,25998.0,0,13509984.0,14700000
Renault 21,1991,бензин,1.7,универсал,механика,274000.0,0,660272.0,1100000
Kia Cee’d,2013,бензин,1.6,хэтчбек,типтроник,108000.0,0,4818788.0,5200000
Hyundai Starex,2007,дизель,2.5,минивэн,механика,377000.0,0,5839700.0,3100000
Nissan Altima,2003,бензин,2.5,седан,автомат,-999.0,0,2517358.0,2800000
Subaru Legacy,1999,бензин,2.0,универсал,автомат,-999.0,0,2378744.2,2400000
ГАЗ ГАЗель,1999,газ-бензин,2.4,фургон,механика,-999.0,0,2171818.8,1800000
BMW 525,1994,бензин,2.5,седан,механика,100.0,0,2193759.2,2200000
Opel Monterey,1994,бензин,3.2,внедорожник,механика,-999.0,0,2154460.5,2200000
BMW 525,1992,бензин,2.5,седан,механика,326365.0,0,1842320.5,1850000
Mercedes-Benz E 320,1994,бензин,3.2,седан,автомат,350000.0,0,2801698.2,3000000
Subaru XV,2013,бензин,2.0,кроссовер,вариатор,112000.0,0,6665339.5,7700000
Daewoo Matiz,2012,бензин,0.8,хэтчбек,механика,120000.0,0,1454638.2,1550000
Mitsubishi Galant,1999,бензин,2.0,седан,автомат,-999.0,1,946086.2,500000
Subaru Legacy,1997,бензин,2.5,универсал,автомат,-999.0,0,2102965.5,1600000
Toyota Carina ED,1995,бензин,2.0,седан,автомат,-999.0,0,1599569.6,1600000
Hyundai Getz,2007,бензин,1.4,хэтчбек,автомат,-999.0,0,2898327.2,3300000
Lexus RX 300,2001,бензин,3.0,кроссовер,автомат,-999.0,0,5120883.0,5500000
Mitsubishi Galant,1990,бензин,2.0,седан,механика,-999.0,0,870738.56,450000
Toyota Highlander,2011,газ-бензин,3.5,кроссовер,автомат,-999.0,0,10761003.0,7600000
Mercedes-Benz Sprinter,1998,дизель,2.9,фургон,механика,806949.0,0,3647628.8,3400000
BMW 520,1995,бензин,2.0,седан,механика,-999.0,0,1648532.2,1750000
Audi 100,1988,бензин,2.2,седан,механика,999999.0,0,1065223.5,750000
BMW X5,2001,бензин,4.4,кроссовер,автомат,220000.0,0,3952844.0,3850000
Volkswagen Jetta,2013,бензин,2.0,седан,автомат,152000.0,0,6366710.5,5500000
Audi 80,1992,бензин,2.3,седан,автомат,999999.0,0,1226434.6,1000000
Toyota Highlander,2006,бензин,3.3,кроссовер,автомат,240000.0,0,7614669.5,7200000
Kia Cee’d,2008,бензин,1.6,хэтчбек,автомат,-999.0,0,3361730.8,3000000
Lexus RX 330,2004,бензин,3.3,кроссовер,автомат,233500.0,0,7027142.0,7200000
Subaru Outback,1997,бензин,2.5,универсал,автомат,-999.0,0,2604100.0,2500000
Mitsubishi L200,2013,дизель,2.5,пикап,механика,249500.0,0,6768330.0,6700000
Mercedes-Benz ML 500,2006,бензин,5.0,кроссовер,автомат,300000.0,0,5778139.5,5500000
Volkswagen Passat,1995,бензин,2.0,универсал,автомат,475642.0,0,1780338.0,1900000
Toyota Camry,1997,бензин,2.2,седан,автомат,2345.0,0,2919383.5,3000000
Mitsubishi Grandis,2007,бензин,2.4,минивэн,автомат,500000.0,0,5072313.0,4600000
Lexus RX 330,2003,бензин,3.3,кроссовер,автомат,-999.0,0,6243755.0,6500000
Mitsubishi Pajero,2011,бензин,3.0,внедорожник,автомат,-999.0,0,10028155.0,10300000
Volkswagen Passat,2020,бензин,2.0,седан,автомат,11000.0,0,13399491.0,13700000
Toyota Camry,1998,бензин,2.2,седан,автомат,-999.0,0,3111031.8,2200000
Mazda Bongo,1996,дизель,2.2,минивэн,автомат,-999.0,0,2340213.0,2100000
Land Rover Range,2018,бензин,3.0,внедорожник,автомат,34379.0,0,39143656.0,43100000
Kia Rio,2019,бензин,1.6,седан,автомат,-999.0,0,7066213.0,7000000
Mercedes-Benz S 500,1997,газ-бензин,5.0,седан,автомат,-999.0,0,2880949.8,3000000
Mitsubishi Delica,2007,бензин,2.4,минивэн,вариатор,-999.0,0,4778527.5,7500000
Toyota Land Cruiser,2004,бензин,4.7,внедорожник,автомат,-999.0,0,8392348.0,9500000
Volkswagen Caddy,2012,бензин,1.2,минивэн,механика,-999.0,0,3656322.5,3600000
Volvo S60,2003,бензин,2.5,седан,механика,222000.0,0,2460544.2,3000000
Toyota Mark II,1997,бензин,2.0,седан,автомат,-999.0,0,2300601.0,2100000
Hyundai Starex,2002,дизель,2.5,минивэн,механика,-999.0,0,3470485.0,2800000
Mercedes-Benz S 500,2006,бензин,5.5,седан,автомат,190000.0,0,6610950.0,10000000
Toyota Corolla,1989,бензин,1.6,седан,механика,445000.0,0,1007622.75,600000
BMW 525,1995,бензин,2.5,седан,механика,452538.0,1,1709805.8,1500000
Daewoo Gentra,2014,бензин,1.5,седан,механика,-999.0,0,2844864.0,3000111
Toyota Highlander,2011,бензин,2.7,кроссовер,автомат,171000.0,0,9653609.0,11500000
Lexus GS 300,2010,бензин,3.0,седан,автомат,146000.0,0,8733410.0,7900000
Honda Rafaga,1995,бензин,2.0,седан,автомат,-999.0,0,1464869.1,1350000
Kia Cerato,2011,газ-бензин,1.6,седан,автомат,-999.0,0,4656763.5,4400000
ВАЗ (Lada) Priora,2014,бензин,1.6,седан,механика,-999.0,0,2553835.0,2400000
BMW 750,2009,бензин,4.4,седан,автомат,140451.0,0,8383723.5,7590000
Toyota Noah,2006,бензин,2.0,минивэн,автомат,-999.0,0,3840797.0,2750000
Opel Vectra,1999,бензин,2.5,хэтчбек,автомат,250000.0,0,2226741.5,2200000
Kia Rio,2019,бензин,1.6,седан,автомат,380000.0,0,5597243.0,6500000
Mercedes-Benz E 230,1992,бензин,2.3,седан,механика,-999.0,0,1403173.8,1250000
Toyota Land Cruiser,2004,дизель,3.0,внедорожник,механика,639556.0,0,6786476.0,6450000
Lexus GS 300,2005,бензин,3.0,седан,автомат,269000.0,0,5031826.0,5200000
Mitsubishi Space Wagon,1992,бензин,1.8,минивэн,механика,425030.0,0,1398405.0,1650000
Nissan Primera,1997,бензин,2.0,седан,механика,350000.0,0,1443218.1,1300000
Mercedes-Benz E 200,1992,бензин,2.0,седан,автомат,268000.0,0,1818242.2,2200000
Toyota RAV 4,2015,бензин,2.5,кроссовер,автомат,170000.0,0,9964169.0,11300000
Mitsubishi Pajero,1993,дизель,2.5,внедорожник,автомат,-999.0,0,2012787.9,1600000
Toyota Camry,1994,бензин,3.0,универсал,автомат,-999.0,0,2151810.8,1750000
Hyundai Sonata,2002,газ-бензин,2.0,седан,механика,200.0,0,1608695.1,1500000
Volkswagen Golf,1993,бензин,1.4,хэтчбек,механика,327461.0,0,968867.1,950000
Toyota Hilux Surf,1994,дизель,3.0,внедорожник,автомат,-999.0,0,2875221.8,2400000
Toyota Camry,2005,бензин,3.0,седан,автомат,-999.0,0,5153485.5,5900000
ВАЗ (Lada) Largus,2014,бензин,1.6,фургон,механика,134500.0,0,3031920.8,3500000
BMW 525,1990,бензин,2.5,седан,механика,-999.0,0,1505743.1,1600000
Renault,2016,бензин,2.0,кроссовер,автомат,87000.0,0,11987915.0,7100000
Nissan X-Trail,2013,бензин,2.0,кроссовер,вариатор,115000.0,0,7159277.5,7700000
Audi A6,2015,бензин,1.8,седан,автомат,53250.0,0,8493127.0,11600000
Toyota 4Runner,2021,бензин,4.0,внедорожник,автомат,-999.0,0,37976220.0,35700000
Daewoo Nexia,2013,газ-бензин,1.6,седан,механика,156000.0,0,1583967.0,2350000
BMW 525,1995,бензин,2.5,седан,механика,-999.0,0,2298109.2,2600000
Nissan Maxima,1997,бензин,3.0,седан,автомат,-999.0,0,2414791.5,2500000
Mitsubishi Delica,1996,дизель,2.8,минивэн,автомат,21500.0,0,3126409.0,3400000
Toyota Camry,2003,бензин,2.4,седан,автомат,-999.0,0,4372763.5,4700000
Ford Bronco Sport,2020,бензин,2.0,внедорожник,автомат,-999.0,0,25742218.0,24570000
Mitsubishi Montero Sport,1997,бензин,3.0,внедорожник,автомат,206000.0,0,3586922.0,3000000
Subaru Forester,2005,бензин,2.0,кроссовер,автомат,250000.0,0,4515154.0,4000000
Ford Mustang,2016,бензин,3.7,купе,автомат,-999.0,0,19298600.0,10000000
Toyota Alphard,2007,бензин,3.0,минивэн,автомат,87500.0,1,3136524.2,2250000
ВАЗ (Lada) 2104,1999,бензин,1.5,универсал,механика,87456.0,0,1432536.5,480000
Volkswagen Golf,2012,бензин,2.0,хэтчбек,механика,146000.0,0,6689835.0,6200000
Lexus LX 570,2018,бензин,5.7,внедорожник,автомат,19000.0,0,43589944.0,46300000
Volkswagen Passat,2003,бензин,2.0,седан,механика,230000.0,0,2203612.0,2550000
Toyota HiAce Regius,1997,бензин,2.7,минивэн,автомат,-999.0,0,2958198.2,4800000
Toyota Mark II,1997,бензин,2.5,седан,автомат,-999.0,0,2861749.5,2300000
Volkswagen Transporter,1998,дизель,2.4,минивэн,механика,90000.0,0,2479370.8,1800000
Audi A8,2012,бензин,3.0,седан,автомат,-999.0,0,11694000.0,11800000
Audi 100,1993,бензин,2.8,седан,механика,-999.0,0,1757275.0,2950000
Audi 90,1991,бензин,2.3,седан,механика,-999.0,0,713139.94,1300000
Suzuki Baleno,2000,бензин,1.6,универсал,механика,290000.0,0,1360103.0,1350000
Daewoo Nexia,2010,бензин,1.5,седан,механика,-999.0,0,1131186.9,1100000
Toyota Land Cruiser,2008,бензин,4.7,внедорожник,автомат,305000.0,0,13880388.0,13500000
Mitsubishi Pajero Junior,1996,бензин,1.1,внедорожник,механика,-999.0,0,1618353.4,1920000
ГАЗ ГАЗель,2011,бензин,2.9,фургон,механика,270000.0,0,3931660.2,3000000
Mercedes-Benz E 280,1993,бензин,2.8,седан,автомат,269511.0,0,2159870.0,1450000
Toyota Starlet,1994,бензин,1.3,хэтчбек,автомат,-999.0,0,988165.3,750000
Ford Escape,2006,бензин,2.3,кроссовер,автомат,179500.0,0,4116237.5,3500000
Mitsubishi Lancer,1993,бензин,1.6,седан,автомат,3420000.0,0,939702.25,1000000
Isuzu Trooper,1994,бензин,3.5,внедорожник,автомат,249395.0,0,3691161.8,2950000
Mitsubishi Delica,1996,дизель,2.5,минивэн,автомат,-999.0,0,2501548.8,1500000
Audi A6,1997,бензин,2.8,седан,автомат,80000.0,0,2880723.8,1800000
Volkswagen Polo,2005,бензин,1.4,хэтчбек,автомат,310000.0,0,2428149.8,2500000
Lexus RX 350,2007,бензин,3.5,кроссовер,автомат,151000.0,0,8139537.5,9000000
Mercedes-Benz CLS 500,2006,бензин,5.0,седан,автомат,140000.0,0,7051803.5,5000000
Toyota Camry,2010,бензин,2.4,седан,механика,-999.0,0,5763917.0,6300000
Volkswagen Transporter,1992,дизель,2.4,минивэн,механика,-999.0,0,2067188.8,1500000
Mercedes-Benz C 320,2000,бензин,3.2,седан,автомат,388000.0,0,2097292.2,3300000
Peugeot 301,2016,бензин,1.6,седан,механика,90000.0,0,3786675.8,3850000
Subaru Tribeca,2008,бензин,3.6,кроссовер,автомат,-999.0,0,7210680.5,6500000
Hyundai Accent,2014,бензин,1.6,седан,механика,125000.0,0,3783456.2,3500000
Toyota Carina E,1997,бензин,1.6,седан,механика,-999.0,0,1728818.9,1200000
Audi 100,1991,бензин,2.3,седан,механика,-999.0,0,1582064.0,700000
Honda Fit,2008,бензин,1.5,хэтчбек,механика,-999.0,0,1798367.2,2700000
Nissan Maxima,1995,бензин,2.0,седан,механика,-999.0,0,1509184.6,1850000
Hyundai Elantra,2004,бензин,2.0,седан,автомат,70000.0,0,3421812.8,3600000
Toyota Camry,2019,бензин,3.5,седан,автомат,36600.0,0,17932484.0,15000000
ГАЗ ГАЗель,2004,газ-бензин,2.4,фургон,механика,-999.0,0,3119190.5,2200000
Ford Focus,2016,бензин,1.6,хэтчбек,робот,78887.0,0,6615437.5,6500000
Toyota Camry,2002,бензин,3.0,седан,автомат,145526.0,0,4483067.5,4500000
Volkswagen Golf,1993,бензин,1.8,хэтчбек,автомат,-999.0,0,1215362.2,1300000
Daewoo Nexia,2008,бензин,1.5,седан,механика,-999.0,0,1040392.2,700000
Mercedes-Benz ML 320,2001,бензин,3.2,кроссовер,автомат,229000.0,0,3597706.0,3800000
Audi A6,2003,дизель,2.5,универсал,автомат,100000.0,0,3212588.0,2500000
Toyota Fortuner,2014,бензин,2.7,внедорожник,автомат,57000.0,0,11140056.0,14000000
Toyota Carina E,1992,бензин,2.0,седан,автомат,99999.0,0,2041674.1,1750000
ВАЗ (Lada) 2121,1998,бензин,1.7,внедорожник,механика,-999.0,0,1193544.2,650000
Nissan Patrol,2003,дизель,4.2,внедорожник,механика,-999.0,0,5671656.0,4500000
Toyota Camry,2018,бензин,2.5,седан,автомат,49000.0,0,13170901.0,13500000
Mitsubishi Pajero,1995,бензин,3.0,внедорожник,автомат,-999.0,0,2996477.0,3200000
BMW 525,1998,бензин,2.5,седан,типтроник,-999.0,0,2785644.2,2100000
Jaguar XE,2016,бензин,2.0,седан,автомат,35599.0,0,15055498.0,12990000
Mercedes-Benz C 320,2000,бензин,3.2,седан,автомат,-999.0,0,2158199.2,2300000
Dodge Challenger,2016,бензин,3.6,купе,автомат,100000.0,0,21936664.0,22500000
Daewoo Matiz,2013,бензин,0.8,хэтчбек,механика,-999.0,1,570256.5,570000
Subaru Outback,2001,газ-бензин,2.5,универсал,автомат,12345.0,0,2821647.8,2800000
Audi 100,1987,бензин,2.3,универсал,механика,-999.0,0,785956.1,800000
Toyota Tercel,1982,бензин,1.5,седан,механика,-999.0,0,385289.56,500000
Toyota Camry,2015,бензин,2.5,седан,автомат,137000.0,0,9889247.0,10100000
Toyota Camry,2007,бензин,2.4,седан,автомат,197000.0,0,5667164.0,5700000
Mazda 626,1990,бензин,2.0,седан,механика,111111.0,0,793066.94,970000
Toyota Avensis,2007,бензин,1.8,седан,автомат,225000.0,0,4618179.5,4800000
Lexus LX 570,2011,бензин,5.7,внедорожник,автомат,130000.0,0,19840076.0,19200000
Kia Rio,2017,бензин,1.6,седан,автомат,73000.0,0,4772664.0,4200000
Chevrolet Aveo,2013,бензин,1.6,седан,автомат,330639.0,0,2889454.5,3380000
Lexus RX 350,2007,бензин,3.5,кроссовер,автомат,75000.0,0,8403150.0,8200000
BMW 540,2001,бензин,4.4,седан,автомат,-999.0,0,3733799.8,3700000
Mitsubishi Galant,1991,бензин,1.8,хэтчбек,механика,600000.0,0,852319.1,600000
Toyota Town Ace,1997,дизель,2.2,минивэн,автомат,-999.0,0,2292190.2,1500000
Daihatsu Terios,2007,бензин,1.5,кроссовер,автомат,145000.0,0,4272027.5,5700000
Toyota Mark II,1993,бензин,2.0,седан,автомат,-999.0,0,1517106.4,1350000
Toyota Corolla,1996,бензин,1.6,универсал,автомат,-999.0,0,1864022.6,1800000
Toyota Camry,1999,бензин,2.2,седан,автомат,300000.0,0,3274435.2,2900000
Toyota Windom,1997,бензин,2.5,седан,автомат,-999.0,0,2538888.0,3500000
Honda Accord,2007,бензин,2.4,седан,автомат,91200.0,0,5179592.0,4800000
Toyota RAV 4,1996,бензин,2.0,кроссовер,автомат,-999.0,0,2812705.5,3000000
Toyota Carina E,1993,бензин,2.0,хэтчбек,автомат,2223.0,0,1462245.5,2800000
Toyota Mark II,2001,бензин,2.5,седан,автомат,-999.0,0,3315228.5,3500000
Daewoo Nexia,2013,бензин,1.5,седан,механика,-999.0,0,1518720.4,1100000
ВАЗ (Lada) 2107,2011,бензин,1.7,седан,механика,70000.0,0,2142424.0,1000000
Volkswagen Passat,1992,бензин,1.8,седан,механика,284000.0,0,1279091.4,1200000
Mitsubishi Chariot,1995,бензин,2.0,минивэн,автомат,-999.0,0,1619519.5,1600000
Kia Morning,2018,бензин,1.0,хэтчбек,автомат,31000.0,0,5044156.0,4950000
Honda CR-V,1999,бензин,2.0,кроссовер,автомат,-999.0,0,3591460.5,3300000
Toyota Camry,2008,бензин,2.4,седан,автомат,249000.0,0,5844201.0,6200000
Skoda Superb,2013,бензин,1.8,лифтбек,робот,152000.0,0,5022409.0,4900000
Toyota Caldina,1998,бензин,2.0,универсал,автомат,-999.0,0,2446496.2,2500000
Audi A6,2005,бензин,4.2,седан,автомат,262000.0,0,3936292.8,4000000
Honda CR-V,2002,бензин,2.4,кроссовер,автомат,-999.0,0,4394000.5,4400000
Nissan Maxima,1996,бензин,2.0,седан,механика,250000.0,0,1626222.2,1700000
Mazda 626,1989,бензин,2.0,седан,механика,-999.0,0,741082.75,600000
Bentley Arnage,2000,бензин,6.8,седан,автомат,50000.0,0,36491590.0,36750000
Lexus,2000,газ-бензин,3.0,кроссовер,автомат,120000.0,0,3851151.2,5000000
ГАЗ ГАЗель NEXT,2016,дизель,2.8,микроавтобус,механика,111111.0,0,6406220.0,6500000
ВАЗ (Lada) Priora,2013,бензин,1.6,универсал,механика,155000.0,0,1978698.9,2200000
ВАЗ (Lada) Priora,2015,бензин,1.6,седан,робот,150000.0,0,3441769.0,3150000
Infiniti G35,2005,бензин,3.5,седан,автомат,163360.0,0,5028742.0,4270000
Hyundai Veloster,2019,бензин,2.0,хэтчбек,механика,-999.0,0,13277506.0,11000000
Audi A6,2000,бензин,2.8,седан,типтроник,-999.0,0,2505826.2,2800000
Subaru Legacy,1996,бензин,2.5,универсал,автомат,-999.0,0,1931498.2,1599999
Mercedes-Benz E 280,1994,бензин,2.8,седан,автомат,-999.0,0,2420340.0,2700000
Honda Odyssey,1996,бензин,2.3,минивэн,автомат,-999.0,0,2255837.8,2500000
Toyota Alphard,2005,бензин,3.0,минивэн,автомат,-999.0,0,4601048.5,4300000
Toyota Land Cruiser,2000,бензин,4.5,внедорожник,механика,160000.0,1,5575634.0,3500000
